import_row_id,title,wikidata_id
event_90001,Mysterious Discovery,Q4449759
event_90002,Rosa Von Praunheim,
event_90003,Pink Workers in Golden Street,
event_90004,Sisters of the Revolution,
event_90005,Macbeth,
event_90006,A Gentle Woman,Q786222
event_90007,The Land,
event_90008,Johan,Q10540335
event_90009,Juha,Q11867342
event_90010,"It Is Not the Homosexual Who Is Perverse, But the Society in Which He Lives",Q457675
event_90011,"Introduction Film for “It Is Not the Homosexual Who Is Perverse, But the Society in Which He Lives”",
event_90012,Underground and Emigrants,Q21004535
event_90013,Passions,
event_90014,I Am An Anti-Star: The Scandalous Life Story of Evelyn Kunneke,
event_90015,Axel Von Auersberg,
event_90016,Monolog of a Star,
event_90017,Rosa Von Praunheim Zeigt,
event_90018,Siddhartha,Q505260
event_90019,About A Tapestry,
event_90020,American Sculpture of the Sixties,
event_90021,Works of Calder,
event_90022,Isamu Noguchi,
event_90023,First Position,
event_90024,Derby,
event_90025,National Velvet,Q284686
event_90026,The Young Girls of Rochefort,Q1214975
event_90027,Peau d'Âne,Q1367513
event_90028,Vem dömer,Q10713889
event_90029,The Blizzard,Q7718617
event_90030,Four Nights of a Dreamer,Q2658283
event_90031,Mashenka,Q4286107
event_90032,Sidewinder’s Delta,
event_90033,Saugus Series,
event_90034,Downwind,Q3296745
event_90035,Four Nights of a Dreamer,Q2658283
event_90036,Häxan,Q1438966
event_90037,He Who Gets Slapped,Q2046050
event_90038,Black Sister's Revenge,Q4921852
event_90039,Bim,Q4913661
event_90040,Hell Ship,
event_90041,The Long Night,
event_90042,An Evening with Charles Benton of Films Inc,
event_90043,Generation of Victors,Q108759239
event_90044,Steppenwolf,Q842443
event_90045,The Scarlet Letter,Q384408
event_90046,The True Nature of Bernadette,Q3213945
event_90047,Voyages en Grande Tartarie,
event_90048,The Yearling,Q1217612
event_90049,Cover Girl,Q1366560
event_90050,You'll Never Get Rich,Q1707931
event_90051,Hotel Imperial,Q3141123
event_90052,Miss Julie,Q1471325
event_90053,Lancelot of the Lake,Q2723413
event_90054,My Beloved,Q4166827
event_90055,Pause! ‘76,
event_90056,Unsere Afrikaeise,
event_90057,Arnulf Rainer,Q21999896
event_90058,Schwechater,Q60737559
event_90059,Adebar,Q112118843
event_90060,Mosaik Im Vertrauen,
event_90061,Saba,Q12149913
event_90062,The Wind,Q2426434
event_90063,Summer Interlude,Q425669
event_90064,Weekend,Q1812267
event_90065,Number Two,Q3815597
event_90066,The Last Crusaders,
event_90067,Funeral Parade of Roses,Q5509114
event_90068,Death Quest of the Ju Ju Cult,
event_90069,"I, An Actress",Q2615886
event_90070,Tales of the Bronx,
event_90071,Cycles,
event_90072,"Harlan Country, U.S.A.",
event_90073,Pirosmani,Q3389184
event_90074,Melodies of Vera Quarter,Q3650585
event_90075,Gaslight,Q841781
event_90076,Notorious,Q587419
event_90077,Eliso,Q12864130
event_90078,Our Courtyard,
event_90079,The 400 Blows,Q162331
event_90080,The Miracle Worker,Q287536
event_90081,Father of a Soldier,Q502080
event_90082,Lozenge Lickings,
event_90083,The Catalog,
event_90084,Soup Clerk,
event_90085,No Heroes,
event_90086,Calves’ Ears,
event_90087,The Manchurian Candidate,Q3589
event_90088,Seconds,Q1195447
event_90089,"I Was Born, But...",Q2461978
event_90090,Boy,Q283172
event_90091,The Die Is Cast,
event_90092,Dirty Hands,
event_90093,Attack from the Sea,Q4232603
event_90094,When the Leaves Fall,
event_90095,Freud Explains His Position Concerning the Cinema,
event_90096,Viewmaster,
event_90097,Quai des Orfèvres,Q1056903
event_90098,Manon,Q937385
event_90099,Wee Willie Winkie,Q1631795
event_90100,How Green Was My Valley,Q244448
event_90101,Nights of Cabiria,Q18405
event_90102,First Swallow,Q4348936
event_90103,Shoeshine,Q586310
event_90104,Iracema: Uma Transa Amazônica,Q10303531
event_90105,Gitirana,
event_90106,"Suite California, Stops and Passes, A Travelog, Part I",
event_90107,Deep Western,
event_90108,Scandal in Salkhineti,
event_90109,Weekend With Father,Q7979449
event_90110,The Courtship of Eddie's Father,Q530679
event_90111,The Shameless Old Lady,Q3213738
event_90112,The Brain,
event_90113,Tropicana Night Club,
event_90114,End of the World,
event_90115,Dole Man,
event_90116,The Brothers Who Gets Revenge,
